id,worried
1,Yes
2,Yes
3,Yes
4,Yes
5,Yes
6,Yes
7,Yes
8,Yes
9,Yes
10,Yes
11,Yes
12,Yes
13,Yes
14,Yes
15,Yes
16,Yes
17,Yes
18,Yes
19,Yes
20,Yes
21,Yes
22,Yes
23,Yes
24,Yes
25,Yes
26,Yes
27,Yes
28,Yes
29,Yes
30,Yes
31,Yes
32,Yes
33,Yes
34,Yes
35,Yes
36,Yes
37,Yes
38,Yes
39,Yes
40,Yes
41,Yes
42,Yes
43,Yes
44,Yes
45,Yes
46,Yes
47,Yes
48,Yes
49,Yes
50,Yes
51,Yes
52,Yes
53,Yes
54,Yes
55,Yes
56,Yes
57,Yes
58,Yes
59,Yes
60,Yes
61,Yes
62,Yes
63,Yes
64,Yes
65,Yes
66,Yes
67,Yes
68,Yes
69,Yes
70,Yes
71,Yes
72,Yes
73,Yes
74,Yes
75,Yes
76,Yes
77,Yes
78,Yes
79,Yes
80,Yes
81,Yes
82,Yes
83,Yes
84,Yes
85,Yes
86,Yes
87,Yes
88,Yes
89,Yes
90,Yes
91,Yes
92,Yes
93,Yes
94,Yes
95,Yes
96,Yes
97,Yes
98,Yes
99,Yes
100,Yes
101,Yes
102,Yes
103,Yes
104,Yes
105,Yes
106,Yes
107,Yes
108,Yes
109,Yes
110,Yes
111,Yes
112,Yes
113,Yes
114,Yes
115,Yes
116,Yes
117,Yes
118,Yes
119,Yes
120,Yes
121,Yes
122,Yes
123,Yes
124,Yes
125,Yes
126,Yes
127,Yes
128,Yes
129,Yes
130,Yes
131,Yes
132,Yes
133,Yes
134,Yes
135,Yes
136,Yes
137,Yes
138,Yes
139,Yes
140,Yes
141,Yes
142,Yes
143,Yes
144,Yes
145,Yes
146,Yes
147,Yes
148,Yes
149,Yes
150,Yes
151,Yes
152,Yes
153,Yes
154,Yes
155,Yes
156,Yes
157,Yes
158,Yes
159,Yes
160,Yes
161,Yes
162,Yes
163,Yes
164,Yes
165,Yes
166,Yes
167,Yes
168,Yes
169,Yes
170,Yes
171,Yes
172,Yes
173,Yes
174,Yes
175,Yes
176,Yes
177,Yes
178,Yes
179,Yes
180,Yes
181,Yes
182,Yes
183,Yes
184,Yes
185,Yes
186,Yes
187,Yes
188,Yes
189,Yes
190,Yes
191,Yes
192,Yes
193,Yes
194,Yes
195,Yes
196,Yes
197,Yes
198,Yes
199,Yes
200,Yes
201,Yes
202,Yes
203,Yes
204,Yes
205,Yes
206,Yes
207,Yes
208,Yes
209,Yes
210,Yes
211,Yes
212,Yes
213,Yes
214,Yes
215,Yes
216,Yes
217,Yes
218,Yes
219,Yes
220,Yes
221,Yes
222,Yes
223,Yes
224,Yes
225,Yes
226,Yes
227,Yes
228,Yes
229,Yes
230,Yes
231,Yes
232,Yes
233,Yes
234,Yes
235,Yes
236,Yes
237,Yes
238,Yes
239,Yes
240,Yes
241,Yes
242,Yes
243,Yes
244,Yes
245,Yes
246,Yes
247,Yes
248,Yes
249,Yes
250,Yes
251,Yes
252,Yes
253,Yes
254,Yes
255,Yes
256,Yes
257,Yes
258,Yes
259,Yes
260,Yes
261,Yes
262,Yes
263,Yes
264,Yes
265,Yes
266,Yes
267,Yes
268,Yes
269,Yes
270,Yes
271,Yes
272,Yes
273,Yes
274,Yes
275,Yes
276,Yes
277,Yes
278,Yes
279,Yes
280,Yes
281,Yes
282,Yes
283,Yes
284,Yes
285,Yes
286,Yes
287,Yes
288,Yes
289,Yes
290,Yes
291,Yes
292,Yes
293,Yes
294,Yes
295,Yes
296,Yes
297,Yes
298,Yes
299,Yes
300,Yes
301,Yes
302,Yes
303,Yes
304,Yes
305,Yes
306,Yes
307,Yes
308,Yes
309,Yes
310,Yes
311,Yes
312,Yes
313,Yes
314,Yes
315,Yes
316,Yes
317,Yes
318,Yes
319,Yes
320,Yes
321,Yes
322,Yes
323,Yes
324,Yes
325,Yes
326,Yes
327,Yes
328,Yes
329,Yes
330,Yes
331,Yes
332,Yes
333,Yes
334,Yes
335,Yes
336,Yes
337,Yes
338,Yes
339,Yes
340,Yes
341,Yes
342,Yes
343,Yes
344,Yes
345,Yes
346,Yes
347,Yes
348,Yes
349,Yes
350,Yes
351,Yes
352,Yes
353,Yes
354,Yes
355,Yes
356,Yes
357,Yes
358,Yes
359,Yes
360,Yes
361,Yes
362,Yes
363,Yes
364,Yes
365,Yes
366,Yes
367,Yes
368,Yes
369,Yes
370,Yes
371,Yes
372,Yes
373,Yes
374,Yes
375,Yes
376,Yes
377,Yes
378,Yes
379,Yes
380,Yes
381,Yes
382,Yes
383,Yes
384,Yes
385,Yes
386,Yes
387,Yes
388,Yes
389,Yes
390,Yes
391,Yes
392,Yes
393,Yes
394,Yes
395,Yes
396,Yes
397,Yes
398,Yes
399,Yes
400,Yes
401,Yes
402,Yes
403,Yes
404,Yes
405,Yes
406,Yes
407,Yes
408,Yes
409,Yes
410,Yes
411,Yes
412,Yes
413,Yes
414,Yes
415,Yes
416,Yes
417,Yes
418,Yes
419,Yes
420,Yes
421,Yes
422,Yes
423,Yes
424,Yes
425,Yes
426,Yes
427,Yes
428,Yes
429,Yes
430,Yes
431,Yes
432,Yes
433,Yes
434,Yes
435,Yes
436,Yes
437,Yes
438,Yes
439,Yes
440,Yes
441,Yes
442,Yes
443,Yes
444,Yes
445,Yes
446,Yes
447,Yes
448,Yes
449,Yes
450,Yes
451,Yes
452,Yes
453,Yes
454,Yes
455,Yes
456,Yes
457,Yes
458,Yes
459,Yes
460,Yes
461,Yes
462,Yes
463,Yes
464,Yes
465,Yes
466,Yes
467,Yes
468,Yes
469,Yes
470,Yes
471,Yes
472,Yes
473,Yes
474,Yes
475,Yes
476,Yes
477,Yes
478,Yes
479,Yes
480,Yes
481,Yes
482,Yes
483,Yes
484,Yes
485,Yes
486,Yes
487,Yes
488,Yes
489,Yes
490,Yes
491,Yes
492,Yes
493,Yes
494,Yes
495,Yes
496,Yes
497,Yes
498,Yes
499,Yes
500,Yes
501,Yes
502,Yes
503,Yes
504,Yes
505,Yes
506,Yes
507,Yes
508,Yes
509,Yes
510,Yes
511,Yes
512,Yes
513,Yes
514,Yes
515,Yes
516,Yes
517,Yes
518,Yes
519,Yes
520,Yes
521,Yes
522,Yes
523,Yes
524,Yes
525,Yes
526,Yes
527,Yes
528,Yes
529,Yes
530,Yes
531,Yes
532,Yes
533,Yes
534,Yes
535,Yes
536,Yes
537,Yes
538,Yes
539,Yes
540,Yes
541,Yes
542,Yes
543,Yes
544,Yes
545,Yes
546,Yes
547,Yes
548,Yes
549,Yes
550,Yes
551,Yes
552,Yes
553,Yes
554,Yes
555,Yes
556,Yes
557,No
558,No
559,No
560,No
561,No
562,No
563,No
564,No
565,No
566,No
567,No
568,No
569,No
570,No
571,No
572,No
573,No
574,No
575,No
576,No
577,No
578,No
579,No
580,No
581,No
582,No
583,No
584,No
585,No
586,No
587,No
588,No
589,No
590,No
591,No
592,No
593,No
594,No
595,No
596,No
597,No
598,No
599,No
600,No
601,No
602,No
603,No
604,No
605,No
606,No
607,No
608,No
609,No
610,No
611,No
612,No
613,No
614,No
615,No
616,No
617,No
618,No
619,No
620,No
621,No
622,No
623,No
624,No
625,No
626,No
627,No
628,No
629,No
630,No
631,No
632,No
633,No
634,No
635,No
636,No
637,No
638,No
639,No
640,No
641,No
642,No
643,No
644,No
645,No
646,No
647,No
648,No
649,No
650,No
651,No
652,No
653,No
654,No
655,No
656,No
657,No
658,No
659,No
660,No
661,No
662,No
663,No
664,No
665,No
666,No
667,No
668,No
669,No
670,No
671,No
672,No
673,No
674,No
675,No
676,No
677,No
678,No
679,No
680,No
681,No
682,No
683,No
684,No
685,No
686,No
687,No
688,No
689,No
690,No
691,No
692,No
693,No
694,No
695,No
696,No
697,No
698,No
699,No
700,No
701,No
702,No
703,No
704,No
705,No
706,No
707,No
708,No
709,No
710,No
711,No
712,No
713,No
714,No
715,No
716,No
717,No
718,No
719,No
720,No
721,No
722,No
723,No
724,No
725,No
726,No
727,No
728,No
729,No
730,No
731,No
732,No
733,No
734,No
735,No
736,No
737,No
738,No
739,No
740,No
741,No
742,No
743,No
744,No
745,No
746,No
747,No
748,No
749,No
750,No
751,No
752,No
753,No
754,No
755,No
756,No
757,No
758,No
759,No
760,No
761,No
762,No
763,No
764,No
765,No
766,No
767,No
768,No
769,No
770,No
771,No
772,No
773,No
774,No
775,No
776,No
777,No
778,No
779,No
780,No
781,No
782,No
783,No
784,No
785,No
786,No
787,No
788,No
789,No
790,No
791,No
792,No
793,No
794,No
795,No
796,No
797,No
798,No
799,No
800,No
801,No
802,No
803,No
804,No
805,No
806,No
807,No
808,No
809,No
810,No
811,No
812,No
813,No
814,No
815,No
816,No
817,No
818,No
819,No
820,No
821,No
822,No
823,No
824,No
825,No
826,No
827,No
828,No
829,No
830,No
831,No
832,No
833,No
834,No
835,No
836,No
837,No
838,No
839,No
840,No
841,No
842,No
843,No
844,No
845,No
846,No
847,No
848,No
849,No
850,No
851,No
852,No
853,No
854,No
855,No
856,No
857,No
858,No
859,No
860,No
861,No
862,No
863,No
864,No
865,No
866,No
867,No
868,No
869,No
870,No
871,No
872,No
873,No
874,No
875,No
876,No
877,No
878,No
879,No
880,No
881,No
882,No
883,No
884,No
885,No
886,No
887,No
888,No
889,No
890,No
891,No
892,No
893,No
894,No
895,No
896,No
897,No
898,No
899,No
900,No
901,No
902,No
903,No
904,No
905,No
906,No
907,No
908,No
909,No
910,No
911,No
912,No
913,No
914,No
915,No
916,No
917,No
918,No
919,No
920,No
921,No
922,No
923,No
924,No
925,No
926,No
927,No
928,No
929,No
930,No
931,No
932,No
933,No
934,No
935,No
936,No
937,No
938,No
939,No
940,No
941,No
942,No
943,No
944,No
945,No
946,No
947,No
948,No
949,No
950,No
951,No
952,No
953,No
954,No
955,No
956,No
957,No
958,No
959,No
960,No
961,No
962,No
963,No
964,No
965,No
966,No
967,No
968,No
969,No
970,No
971,No
972,No
973,No
974,No
975,No
976,No
977,No
978,No
979,No
980,No
981,No
982,No
983,No
984,No
985,No
986,No
987,No
988,No
989,No
990,No
991,No
992,No
993,No
994,No
995,No
996,No
997,No
998,No
999,No
1000,No
1001,No
1002,No
1003,No
1004,No
1005,No
1006,No
1007,No
1008,No
1009,No
1010,No
1011,Yes
1012,Yes
1013,Yes
1014,Yes
1015,Yes
1016,Yes
1017,Yes
1018,Yes
1019,Yes
1020,Yes
1021,Yes
1022,Yes
1023,Yes
1024,Yes
1025,Yes
1026,Yes
1027,Yes
1028,Yes
1029,Yes
1030,Yes
1031,Yes
1032,Yes
1033,Yes
1034,Yes
1035,Yes
1036,Yes
1037,Yes
1038,Yes
1039,Yes
1040,Yes
1041,Yes
1042,Yes
1043,Yes
1044,Yes
1045,Yes
1046,Yes
1047,Yes
1048,Yes
1049,Yes
1050,Yes
1051,Yes
1052,Yes
1053,Yes
1054,Yes
1055,Yes
1056,Yes
1057,Yes
1058,Yes
1059,Yes
1060,Yes
1061,Yes
1062,Yes
1063,Yes
1064,Yes
1065,Yes
1066,Yes
1067,Yes
1068,Yes
1069,Yes
1070,Yes
1071,Yes
1072,Yes
1073,Yes
1074,Yes
1075,Yes
1076,Yes
1077,Yes
1078,Yes
1079,Yes
1080,Yes
1081,Yes
1082,Yes
1083,Yes
1084,Yes
1085,Yes
1086,Yes
1087,Yes
1088,Yes
1089,Yes
1090,Yes
1091,Yes
1092,Yes
1093,Yes
1094,Yes
1095,Yes
1096,Yes
1097,Yes
1098,Yes
1099,Yes
1100,Yes
1101,Yes
1102,Yes
1103,Yes
1104,Yes
1105,Yes
1106,Yes
1107,Yes
1108,Yes
1109,Yes
1110,Yes
1111,Yes
1112,Yes
1113,Yes
1114,Yes
1115,Yes
1116,Yes
1117,Yes
1118,Yes
1119,Yes
1120,Yes
1121,Yes
1122,Yes
1123,Yes
1124,Yes
1125,Yes
1126,Yes
1127,Yes
1128,Yes
1129,Yes
1130,Yes
1131,Yes
1132,Yes
1133,Yes
1134,Yes
1135,Yes
1136,Yes
1137,Yes
1138,Yes
1139,Yes
1140,Yes
1141,Yes
1142,Yes
1143,Yes
1144,Yes
1145,Yes
1146,Yes
1147,Yes
1148,Yes
1149,Yes
1150,Yes
1151,Yes
1152,Yes
1153,Yes
1154,Yes
1155,Yes
1156,Yes
1157,Yes
1158,Yes
1159,Yes
1160,Yes
1161,Yes
1162,Yes
1163,Yes
1164,Yes
1165,Yes
1166,Yes
1167,Yes
1168,Yes
1169,Yes
1170,Yes
1171,Yes
1172,Yes
1173,Yes
1174,Yes
1175,Yes
1176,Yes
1177,Yes
1178,Yes
1179,Yes
1180,Yes
1181,Yes
1182,Yes
1183,Yes
1184,Yes
1185,Yes
1186,Yes
1187,Yes
1188,Yes
1189,Yes
1190,Yes
1191,Yes
1192,Yes
1193,Yes
1194,Yes
1195,Yes
1196,Yes
1197,Yes
1198,Yes
1199,Yes
1200,Yes
1201,Yes
1202,Yes
1203,Yes
1204,Yes
1205,Yes
1206,Yes
1207,Yes
1208,Yes
1209,Yes
1210,Yes
1211,Yes
1212,Yes
1213,Yes
1214,Yes
1215,Yes
1216,Yes
1217,Yes
1218,Yes
1219,Yes
1220,Yes
1221,Yes
1222,Yes
1223,Yes
1224,Yes
1225,Yes
1226,Yes
1227,Yes
1228,Yes
1229,Yes
1230,Yes
1231,Yes
1232,Yes
1233,Yes
1234,Yes
1235,Yes
1236,Yes
1237,Yes
1238,Yes
1239,Yes
1240,Yes
1241,Yes
1242,Yes
1243,Yes
1244,Yes
1245,Yes
1246,Yes
1247,Yes
1248,Yes
1249,Yes
1250,Yes
1251,Yes
1252,Yes
1253,Yes
1254,Yes
1255,Yes
1256,Yes
1257,Yes
1258,Yes
1259,Yes
1260,Yes
1261,Yes
1262,Yes
1263,Yes
1264,Yes
1265,Yes
1266,Yes
1267,Yes
1268,Yes
1269,Yes
1270,Yes
1271,Yes
1272,Yes
1273,Yes
1274,Yes
1275,Yes
1276,Yes
1277,Yes
1278,Yes
1279,Yes
1280,Yes
1281,Yes
1282,Yes
1283,Yes
1284,Yes
1285,Yes
1286,Yes
1287,Yes
1288,Yes
1289,Yes
1290,Yes
1291,Yes
1292,Yes
1293,Yes
1294,Yes
1295,Yes
1296,Yes
1297,Yes
1298,Yes
1299,Yes
1300,Yes
1301,Yes
1302,Yes
1303,Yes
1304,Yes
1305,Yes
1306,Yes
1307,Yes
1308,Yes
1309,Yes
1310,Yes
1311,Yes
1312,Yes
1313,Yes
1314,Yes
1315,Yes
1316,Yes
1317,Yes
1318,Yes
1319,Yes
1320,Yes
1321,Yes
1322,Yes
1323,Yes
1324,Yes
1325,Yes
1326,Yes
1327,Yes
1328,Yes
1329,Yes
1330,Yes
1331,Yes
1332,Yes
1333,Yes
1334,Yes
1335,Yes
1336,Yes
1337,Yes
1338,Yes
1339,Yes
1340,Yes
1341,Yes
1342,Yes
1343,Yes
1344,Yes
1345,Yes
1346,Yes
1347,Yes
1348,Yes
1349,Yes
1350,Yes
1351,Yes
1352,Yes
1353,Yes
1354,Yes
1355,Yes
1356,Yes
1357,Yes
1358,Yes
1359,Yes
1360,Yes
1361,Yes
1362,Yes
1363,Yes
1364,Yes
1365,Yes
1366,Yes
1367,Yes
1368,Yes
1369,Yes
1370,Yes
1371,Yes
1372,Yes
1373,Yes
1374,Yes
1375,Yes
1376,Yes
1377,Yes
1378,Yes
1379,Yes
1380,Yes
1381,Yes
1382,Yes
1383,Yes
1384,Yes
1385,Yes
1386,Yes
1387,Yes
1388,Yes
1389,Yes
1390,Yes
1391,Yes
1392,Yes
1393,Yes
1394,Yes
1395,Yes
1396,Yes
1397,Yes
1398,Yes
1399,Yes
1400,Yes
1401,Yes
1402,Yes
1403,Yes
1404,Yes
1405,Yes
1406,Yes
1407,Yes
1408,Yes
1409,Yes
1410,Yes
1411,Yes
1412,Yes
1413,Yes
1414,Yes
1415,Yes
1416,Yes
1417,Yes
1418,Yes
1419,Yes
1420,Yes
1421,Yes
1422,Yes
1423,Yes
1424,Yes
1425,Yes
1426,Yes
1427,Yes
1428,Yes
1429,Yes
1430,Yes
1431,Yes
1432,Yes
1433,Yes
1434,Yes
1435,Yes
1436,Yes
1437,Yes
1438,Yes
1439,Yes
1440,Yes
1441,Yes
1442,Yes
1443,Yes
1444,Yes
1445,Yes
1446,Yes
1447,Yes
1448,Yes
1449,Yes
1450,Yes
1451,Yes
1452,Yes
1453,Yes
1454,Yes
1455,Yes
1456,Yes
1457,Yes
1458,Yes
1459,Yes
1460,Yes
1461,Yes
1462,Yes
1463,Yes
1464,Yes
1465,Yes
1466,Yes
1467,Yes
1468,Yes
1469,Yes
1470,Yes
1471,Yes
1472,Yes
1473,Yes
1474,Yes
1475,Yes
1476,Yes
1477,Yes
1478,Yes
1479,Yes
1480,Yes
1481,Yes
1482,Yes
1483,Yes
1484,Yes
1485,Yes
1486,Yes
1487,Yes
1488,Yes
1489,Yes
1490,Yes
1491,Yes
1492,Yes
1493,Yes
1494,Yes
1495,Yes
1496,Yes
1497,Yes
1498,Yes
1499,Yes
1500,Yes
1501,Yes
1502,Yes
1503,Yes
1504,Yes
1505,Yes
1506,Yes
1507,Yes
1508,Yes
1509,Yes
1510,Yes
1511,Yes
1512,Yes
1513,Yes
1514,Yes
1515,Yes
1516,Yes
1517,Yes
1518,Yes
1519,Yes
1520,Yes
1521,Yes
1522,Yes
1523,Yes
1524,Yes
1525,Yes
1526,Yes
1527,Yes
1528,Yes
1529,Yes
1530,Yes
1531,Yes
1532,Yes
1533,Yes
1534,Yes
1535,Yes
1536,Yes
1537,Yes
1538,Yes
1539,Yes
1540,Yes
1541,Yes
1542,Yes
1543,Yes
1544,Yes
1545,Yes
1546,Yes
1547,Yes
1548,Yes
1549,Yes
1550,Yes
1551,Yes
1552,Yes
1553,Yes
1554,Yes
1555,Yes
1556,Yes
1557,Yes
1558,Yes
1559,Yes
1560,Yes
1561,Yes
1562,Yes
1563,Yes
1564,Yes
1565,Yes
1566,Yes
1567,No
1568,No
1569,No
1570,No
1571,No
1572,No
1573,No
1574,No
1575,No
1576,No
1577,No
1578,No
1579,No
1580,No
1581,No
1582,No
1583,No
1584,No
1585,No
1586,No
1587,No
1588,No
1589,No
1590,No
1591,No
1592,No
1593,No
1594,No
1595,No
1596,No
1597,No
1598,No
1599,No
1600,No
1601,No
1602,No
1603,No
1604,No
1605,No
1606,No
1607,No
1608,No
1609,No
1610,No
1611,No
1612,No
1613,No
1614,No
1615,No
1616,No
1617,No
1618,No
1619,No
1620,No
1621,No
1622,No
1623,No
1624,No
1625,No
1626,No
1627,No
1628,No
1629,No
1630,No
1631,No
1632,No
1633,No
1634,No
1635,No
1636,No
1637,No
1638,No
1639,No
1640,No
1641,No
1642,No
1643,No
1644,No
1645,No
1646,No
1647,No
1648,No
1649,No
1650,No
1651,No
1652,No
1653,No
1654,No
1655,No
1656,No
1657,No
1658,No
1659,No
1660,No
1661,No
1662,No
1663,No
1664,No
1665,No
1666,No
1667,No
1668,No
1669,No
1670,No
1671,No
1672,No
1673,No
1674,No
1675,No
1676,No
1677,No
1678,No
1679,No
1680,No
1681,No
1682,No
1683,No
1684,No
1685,No
1686,No
1687,No
1688,No
1689,No
1690,No
1691,No
1692,No
1693,No
1694,No
1695,No
1696,No
1697,No
1698,No
1699,No
1700,No
1701,No
1702,No
1703,No
1704,No
1705,No
1706,No
1707,No
1708,No
1709,No
1710,No
1711,No
1712,No
1713,No
1714,No
1715,No
1716,No
1717,No
1718,No
1719,No
1720,No
1721,No
1722,No
1723,No
1724,No
1725,No
1726,No
1727,No
1728,No
1729,No
1730,No
1731,No
1732,No
1733,No
1734,No
1735,No
1736,No
1737,No
1738,No
1739,No
1740,No
1741,No
1742,No
1743,No
1744,No
1745,No
1746,No
1747,No
1748,No
1749,No
1750,No
1751,No
1752,No
1753,No
1754,No
1755,No
1756,No
1757,No
1758,No
1759,No
1760,No
1761,No
1762,No
1763,No
1764,No
1765,No
1766,No
1767,No
1768,No
1769,No
1770,No
1771,No
1772,No
1773,No
1774,No
1775,No
1776,No
1777,No
1778,No
1779,No
1780,No
1781,No
1782,No
1783,No
1784,No
1785,No
1786,No
1787,No
1788,No
1789,No
1790,No
1791,No
1792,No
1793,No
1794,No
1795,No
1796,No
1797,No
1798,No
1799,No
1800,No
1801,No
1802,No
1803,No
1804,No
1805,No
1806,No
1807,No
1808,No
1809,No
1810,No
1811,No
1812,No
1813,No
1814,No
1815,No
1816,No
1817,No
1818,No
1819,No
1820,No
1821,No
1822,No
1823,No
1824,No
1825,No
1826,No
1827,No
1828,No
1829,No
1830,No
1831,No
1832,No
1833,No
1834,No
1835,No
1836,No
1837,No
1838,No
1839,No
1840,No
1841,No
1842,No
1843,No
1844,No
1845,No
1846,No
1847,No
1848,No
1849,No
1850,No
1851,No
1852,No
1853,No
1854,No
1855,No
1856,No
1857,No
1858,No
1859,No
1860,No
1861,No
1862,No
1863,No
1864,No
1865,No
1866,No
1867,No
1868,No
1869,No
1870,No
1871,No
1872,No
1873,No
1874,No
1875,No
1876,No
1877,No
1878,No
1879,No
1880,No
1881,No
1882,No
1883,No
1884,No
1885,No
1886,No
1887,No
1888,No
1889,No
1890,No
1891,No
1892,No
1893,No
1894,No
1895,No
1896,No
1897,No
1898,No
1899,No
1900,No
1901,No
1902,No
1903,No
1904,No
1905,No
1906,No
1907,No
1908,No
1909,No
1910,No
1911,No
1912,No
1913,No
1914,No
1915,No
1916,No
1917,No
1918,No
1919,No
1920,No
1921,No
1922,No
1923,No
1924,No
1925,No
1926,No
1927,No
1928,No
1929,No
1930,No
1931,No
1932,No
1933,No
1934,No
1935,No
1936,No
1937,No
1938,No
1939,No
1940,No
1941,No
1942,No
1943,No
1944,No
1945,No
1946,No
1947,No
1948,No
1949,No
1950,No
1951,No
1952,No
1953,No
1954,No
1955,No
1956,No
1957,No
1958,No
1959,No
1960,No
1961,No
1962,No
1963,No
1964,No
1965,No
1966,No
1967,No
1968,No
1969,No
1970,No
1971,No
1972,No
1973,No
1974,No
1975,No
1976,No
1977,No
1978,No
1979,No
1980,No
1981,No
1982,No
1983,No
1984,No
1985,No
1986,No
1987,No
1988,No
1989,No
1990,No
1991,No
1992,No
1993,No
1994,No
1995,No
1996,No
1997,No
1998,No
1999,No
2000,No
2001,No
2002,No
2003,No
2004,No
2005,No
2006,No
2007,No
2008,No
2009,No
2010,No
2011,No
2012,No
2013,No
2014,No
2015,No
2016,No
2017,No
2018,No
2019,No
2020,No
2021,Yes
2022,Yes
2023,Yes
2024,Yes
2025,Yes
2026,Yes
2027,Yes
2028,Yes
2029,Yes
2030,Yes
2031,Yes
2032,Yes
2033,Yes
2034,Yes
2035,Yes
2036,Yes
2037,Yes
2038,Yes
2039,Yes
2040,Yes
2041,Yes
2042,Yes
2043,Yes
2044,Yes
2045,Yes
2046,Yes
2047,Yes
2048,Yes
2049,Yes
2050,Yes
2051,Yes
2052,Yes
2053,Yes
2054,Yes
2055,Yes
2056,Yes
2057,Yes
2058,Yes
2059,Yes
2060,Yes
2061,Yes
2062,Yes
2063,Yes
2064,Yes
2065,Yes
2066,Yes
2067,Yes
2068,Yes
2069,Yes
2070,Yes
2071,Yes
2072,Yes
2073,Yes
2074,Yes
2075,Yes
2076,Yes
2077,Yes
2078,Yes
2079,Yes
2080,Yes
2081,Yes
2082,Yes
2083,Yes
2084,Yes
2085,Yes
2086,Yes
2087,Yes
2088,Yes
2089,Yes
2090,Yes
2091,Yes
2092,Yes
2093,Yes
2094,Yes
2095,Yes
2096,Yes
2097,Yes
2098,Yes
2099,Yes
2100,Yes
2101,Yes
2102,Yes
2103,Yes
2104,Yes
2105,Yes
2106,Yes
2107,Yes
2108,Yes
2109,Yes
2110,Yes
2111,Yes
2112,Yes
2113,Yes
2114,Yes
2115,Yes
2116,Yes
2117,Yes
2118,Yes
2119,Yes
2120,Yes
2121,Yes
2122,Yes
2123,Yes
2124,Yes
2125,Yes
2126,Yes
2127,Yes
2128,Yes
2129,Yes
2130,Yes
2131,Yes
2132,Yes
2133,Yes
2134,Yes
2135,Yes
2136,Yes
2137,Yes
2138,Yes
2139,Yes
2140,Yes
2141,Yes
2142,Yes
2143,Yes
2144,Yes
2145,Yes
2146,Yes
2147,Yes
2148,Yes
2149,Yes
2150,Yes
2151,Yes
2152,Yes
2153,Yes
2154,Yes
2155,Yes
2156,Yes
2157,Yes
2158,Yes
2159,Yes
2160,Yes
2161,Yes
2162,Yes
2163,Yes
2164,Yes
2165,Yes
2166,Yes
2167,Yes
2168,Yes
2169,Yes
2170,Yes
2171,Yes
2172,Yes
2173,Yes
2174,Yes
2175,Yes
2176,Yes
2177,Yes
2178,Yes
2179,Yes
2180,Yes
2181,Yes
2182,Yes
2183,Yes
2184,Yes
2185,Yes
2186,Yes
2187,Yes
2188,Yes
2189,Yes
2190,Yes
2191,Yes
2192,Yes
2193,Yes
2194,Yes
2195,Yes
2196,Yes
2197,Yes
2198,Yes
2199,Yes
2200,Yes
2201,Yes
2202,Yes
2203,Yes
2204,Yes
2205,Yes
2206,Yes
2207,Yes
2208,Yes
2209,Yes
2210,Yes
2211,Yes
2212,Yes
2213,Yes
2214,Yes
2215,Yes
2216,Yes
2217,Yes
2218,Yes
2219,Yes
2220,Yes
2221,Yes
2222,Yes
2223,Yes
2224,Yes
2225,Yes
2226,Yes
2227,Yes
2228,Yes
2229,Yes
2230,Yes
2231,Yes
2232,Yes
2233,Yes
2234,Yes
2235,Yes
2236,Yes
2237,Yes
2238,Yes
2239,Yes
2240,Yes
2241,Yes
2242,Yes
2243,Yes
2244,Yes
2245,Yes
2246,Yes
2247,Yes
2248,Yes
2249,Yes
2250,Yes
2251,Yes
2252,Yes
2253,Yes
2254,Yes
2255,Yes
2256,Yes
2257,Yes
2258,Yes
2259,Yes
2260,Yes
2261,Yes
2262,Yes
2263,Yes
2264,Yes
2265,Yes
2266,Yes
2267,Yes
2268,Yes
2269,Yes
2270,Yes
2271,Yes
2272,Yes
2273,Yes
2274,Yes
2275,Yes
2276,Yes
2277,Yes
2278,Yes
2279,Yes
2280,Yes
2281,Yes
2282,Yes
2283,Yes
2284,Yes
2285,Yes
2286,Yes
2287,Yes
2288,Yes
2289,Yes
2290,Yes
2291,Yes
2292,Yes
2293,Yes
2294,Yes
2295,Yes
2296,Yes
2297,Yes
2298,Yes
2299,Yes
2300,Yes
2301,Yes
2302,Yes
2303,Yes
2304,Yes
2305,Yes
2306,Yes
2307,Yes
2308,Yes
2309,Yes
2310,Yes
2311,Yes
2312,Yes
2313,Yes
2314,Yes
2315,Yes
2316,Yes
2317,Yes
2318,Yes
2319,Yes
2320,Yes
2321,Yes
2322,Yes
2323,Yes
2324,Yes
2325,Yes
2326,Yes
2327,Yes
2328,Yes
2329,Yes
2330,Yes
2331,Yes
2332,Yes
2333,Yes
2334,Yes
2335,Yes
2336,Yes
2337,Yes
2338,Yes
2339,Yes
2340,Yes
2341,Yes
2342,Yes
2343,Yes
2344,Yes
2345,Yes
2346,Yes
2347,Yes
2348,Yes
2349,Yes
2350,Yes
2351,Yes
2352,Yes
2353,Yes
2354,Yes
2355,Yes
2356,Yes
2357,Yes
2358,Yes
2359,Yes
2360,Yes
2361,Yes
2362,Yes
2363,Yes
2364,Yes
2365,Yes
2366,Yes
2367,Yes
2368,Yes
2369,Yes
2370,Yes
2371,Yes
2372,Yes
2373,Yes
2374,Yes
2375,Yes
2376,Yes
2377,Yes
2378,Yes
2379,Yes
2380,Yes
2381,Yes
2382,Yes
2383,Yes
2384,Yes
2385,Yes
2386,Yes
2387,Yes
2388,Yes
2389,Yes
2390,Yes
2391,Yes
2392,Yes
2393,Yes
2394,Yes
2395,Yes
2396,Yes
2397,Yes
2398,Yes
2399,Yes
2400,Yes
2401,Yes
2402,Yes
2403,Yes
2404,Yes
2405,Yes
2406,Yes
2407,Yes
2408,Yes
2409,Yes
2410,Yes
2411,Yes
2412,Yes
2413,Yes
2414,Yes
2415,Yes
2416,Yes
2417,Yes
2418,Yes
2419,Yes
2420,Yes
2421,Yes
2422,Yes
2423,Yes
2424,Yes
2425,Yes
2426,Yes
2427,Yes
2428,Yes
2429,Yes
2430,Yes
2431,Yes
2432,Yes
2433,Yes
2434,Yes
2435,Yes
2436,Yes
2437,Yes
2438,Yes
2439,Yes
2440,Yes
2441,Yes
2442,Yes
2443,Yes
2444,Yes
2445,Yes
2446,Yes
2447,Yes
2448,Yes
2449,Yes
2450,Yes
2451,Yes
2452,Yes
2453,Yes
2454,Yes
2455,Yes
2456,Yes
2457,Yes
2458,Yes
2459,Yes
2460,Yes
2461,Yes
2462,Yes
2463,Yes
2464,Yes
2465,Yes
2466,Yes
2467,Yes
2468,Yes
2469,Yes
2470,Yes
2471,Yes
2472,Yes
2473,Yes
2474,Yes
2475,Yes
2476,Yes
2477,Yes
2478,Yes
2479,Yes
2480,Yes
2481,Yes
2482,Yes
2483,Yes
2484,Yes
2485,Yes
2486,Yes
2487,Yes
2488,Yes
2489,Yes
2490,Yes
2491,Yes
2492,Yes
2493,Yes
2494,Yes
2495,Yes
2496,Yes
2497,Yes
2498,Yes
2499,Yes
2500,Yes
2501,Yes
2502,Yes
2503,Yes
2504,Yes
2505,Yes
2506,Yes
2507,Yes
2508,Yes
2509,Yes
2510,Yes
2511,Yes
2512,Yes
2513,Yes
2514,Yes
2515,Yes
2516,Yes
2517,Yes
2518,Yes
2519,Yes
2520,Yes
2521,Yes
2522,Yes
2523,Yes
2524,Yes
2525,Yes
2526,Yes
2527,Yes
2528,Yes
2529,Yes
2530,Yes
2531,Yes
2532,Yes
2533,Yes
2534,Yes
2535,Yes
2536,Yes
2537,Yes
2538,Yes
2539,Yes
2540,Yes
2541,Yes
2542,Yes
2543,Yes
2544,Yes
2545,Yes
2546,Yes
2547,Yes
2548,Yes
2549,Yes
2550,Yes
2551,Yes
2552,Yes
2553,Yes
2554,Yes
2555,Yes
2556,Yes
2557,Yes
2558,Yes
2559,Yes
2560,Yes
2561,Yes
2562,Yes
2563,Yes
2564,Yes
2565,Yes
2566,Yes
2567,Yes
2568,Yes
2569,Yes
2570,Yes
2571,Yes
2572,Yes
2573,Yes
2574,Yes
2575,Yes
2576,Yes
2577,No
2578,No
2579,No
2580,No
2581,No
2582,No
2583,No
2584,No
2585,No
2586,No
2587,No
2588,No
2589,No
2590,No
2591,No
2592,No
2593,No
2594,No
2595,No
2596,No
2597,No
2598,No
2599,No
2600,No
2601,No
2602,No
2603,No
2604,No
2605,No
2606,No
2607,No
2608,No
2609,No
2610,No
2611,No
2612,No
2613,No
2614,No
2615,No
2616,No
2617,No
2618,No
2619,No
2620,No
2621,No
2622,No
2623,No
2624,No
2625,No
2626,No
2627,No
2628,No
2629,No
2630,No
2631,No
2632,No
2633,No
2634,No
2635,No
2636,No
2637,No
2638,No
2639,No
2640,No
2641,No
2642,No
2643,No
2644,No
2645,No
2646,No
2647,No
2648,No
2649,No
2650,No
2651,No
2652,No
2653,No
2654,No
2655,No
2656,No
2657,No
2658,No
2659,No
2660,No
2661,No
2662,No
2663,No
2664,No
2665,No
2666,No
2667,No
2668,No
2669,No
2670,No
2671,No
2672,No
2673,No
2674,No
2675,No
2676,No
2677,No
2678,No
2679,No
2680,No
2681,No
2682,No
2683,No
2684,No
2685,No
2686,No
2687,No
2688,No
2689,No
2690,No
2691,No
2692,No
2693,No
2694,No
2695,No
2696,No
2697,No
2698,No
2699,No
2700,No
2701,No
2702,No
2703,No
2704,No
2705,No
2706,No
2707,No
2708,No
2709,No
2710,No
2711,No
2712,No
2713,No
2714,No
2715,No
2716,No
2717,No
2718,No
2719,No
2720,No
2721,No
2722,No
2723,No
2724,No
2725,No
2726,No
2727,No
2728,No
2729,No
2730,No
2731,No
2732,No
2733,No
2734,No
2735,No
2736,No
2737,No
2738,No
2739,No
2740,No
2741,No
2742,No
2743,No
2744,No
2745,No
2746,No
2747,No
2748,No
2749,No
2750,No
2751,No
2752,No
2753,No
2754,No
2755,No
2756,No
2757,No
2758,No
2759,No
2760,No
2761,No
2762,No
2763,No
2764,No
2765,No
2766,No
2767,No
2768,No
2769,No
2770,No
2771,No
2772,No
2773,No
2774,No
2775,No
2776,No
2777,No
2778,No
2779,No
2780,No
2781,No
2782,No
2783,No
2784,No
2785,No
2786,No
2787,No
2788,No
2789,No
2790,No
2791,No
2792,No
2793,No
2794,No
2795,No
2796,No
2797,No
2798,No
2799,No
2800,No
2801,No
2802,No
2803,No
2804,No
2805,No
2806,No
2807,No
2808,No
2809,No
2810,No
2811,No
2812,No
2813,No
2814,No
2815,No
2816,No
2817,No
2818,No
2819,No
2820,No
2821,No
2822,No
2823,No
2824,No
2825,No
2826,No
2827,No
2828,No
2829,No
2830,No
2831,No
2832,No
2833,No
2834,No
2835,No
2836,No
2837,No
2838,No
2839,No
2840,No
2841,No
2842,No
2843,No
2844,No
2845,No
2846,No
2847,No
2848,No
2849,No
2850,No
2851,No
2852,No
2853,No
2854,No
2855,No
2856,No
2857,No
2858,No
2859,No
2860,No
2861,No
2862,No
2863,No
2864,No
2865,No
2866,No
2867,No
2868,No
2869,No
2870,No
2871,No
2872,No
2873,No
2874,No
2875,No
2876,No
2877,No
2878,No
2879,No
2880,No
2881,No
2882,No
2883,No
2884,No
2885,No
2886,No
2887,No
2888,No
2889,No
2890,No
2891,No
2892,No
2893,No
2894,No
2895,No
2896,No
2897,No
2898,No
2899,No
2900,No
2901,No
2902,No
2903,No
2904,No
2905,No
2906,No
2907,No
2908,No
2909,No
2910,No
2911,No
2912,No
2913,No
2914,No
2915,No
2916,No
2917,No
2918,No
2919,No
2920,No
2921,No
2922,No
2923,No
2924,No
2925,No
2926,No
2927,No
2928,No
2929,No
2930,No
2931,No
2932,No
2933,No
2934,No
2935,No
2936,No
2937,No
2938,No
2939,No
2940,No
2941,No
2942,No
2943,No
2944,No
2945,No
2946,No
2947,No
2948,No
2949,No
2950,No
2951,No
2952,No
2953,No
2954,No
2955,No
2956,No
2957,No
2958,No
2959,No
2960,No
2961,No
2962,No
2963,No
2964,No
2965,No
2966,No
2967,No
2968,No
2969,No
2970,No
2971,No
2972,No
2973,No
2974,No
2975,No
2976,No
2977,No
2978,No
2979,No
2980,No
2981,No
2982,No
2983,No
2984,No
2985,No
2986,No
2987,No
2988,No
2989,No
2990,No
2991,No
2992,No
2993,No
2994,No
2995,No
2996,No
2997,No
2998,No
2999,No
3000,No
3001,No
3002,No
3003,No
3004,No
3005,No
3006,No
3007,No
3008,No
3009,No
3010,No
3011,No
3012,No
3013,No
3014,No
3015,No
3016,No
3017,No
3018,No
3019,No
3020,No
3021,No
3022,No
3023,No
3024,No
3025,No
3026,No
3027,No
3028,No
3029,No
3030,No
3031,Yes
3032,Yes
3033,Yes
3034,Yes
3035,Yes
3036,Yes
3037,Yes
3038,Yes
3039,Yes
3040,Yes
3041,Yes
3042,Yes
3043,Yes
3044,Yes
3045,Yes
3046,Yes
3047,Yes
3048,Yes
3049,Yes
3050,Yes
3051,Yes
3052,Yes
3053,Yes
3054,Yes
3055,Yes
3056,Yes
3057,Yes
3058,Yes
3059,Yes
3060,Yes
3061,Yes
3062,Yes
3063,Yes
3064,Yes
3065,Yes
3066,Yes
3067,Yes
3068,Yes
3069,Yes
3070,Yes
3071,Yes
3072,Yes
3073,Yes
3074,Yes
3075,Yes
3076,Yes
3077,Yes
3078,Yes
3079,Yes
3080,Yes
3081,Yes
3082,Yes
3083,Yes
3084,Yes
3085,Yes
3086,Yes
3087,Yes
3088,Yes
3089,Yes
3090,Yes
3091,Yes
3092,Yes
3093,Yes
3094,Yes
3095,Yes
3096,Yes
3097,Yes
3098,Yes
3099,Yes
3100,Yes
3101,Yes
3102,Yes
3103,Yes
3104,Yes
3105,Yes
3106,Yes
3107,Yes
3108,Yes
3109,Yes
3110,Yes
3111,Yes
3112,Yes
3113,Yes
3114,Yes
3115,Yes
3116,Yes
3117,Yes
3118,Yes
3119,Yes
3120,Yes
3121,Yes
3122,Yes
3123,Yes
3124,Yes
3125,Yes
3126,Yes
3127,Yes
3128,Yes
3129,Yes
3130,Yes
3131,Yes
3132,Yes
3133,Yes
3134,Yes
3135,Yes
3136,Yes
3137,Yes
3138,Yes
3139,Yes
3140,Yes
3141,Yes
3142,Yes
3143,Yes
3144,Yes
3145,Yes
3146,Yes
3147,Yes
3148,Yes
3149,Yes
3150,Yes
3151,Yes
3152,Yes
3153,Yes
3154,Yes
3155,Yes
3156,Yes
3157,Yes
3158,Yes
3159,Yes
3160,Yes
3161,Yes
3162,Yes
3163,Yes
3164,Yes
3165,Yes
3166,Yes
3167,Yes
3168,Yes
3169,Yes
3170,Yes
3171,Yes
3172,Yes
3173,Yes
3174,Yes
3175,Yes
3176,Yes
3177,Yes
3178,Yes
3179,Yes
3180,Yes
3181,Yes
3182,Yes
3183,Yes
3184,Yes
3185,Yes
3186,Yes
3187,Yes
3188,Yes
3189,Yes
3190,Yes
3191,Yes
3192,Yes
3193,Yes
3194,Yes
3195,Yes
3196,Yes
3197,Yes
3198,Yes
3199,Yes
3200,Yes
3201,Yes
3202,Yes
3203,Yes
3204,Yes
3205,Yes
3206,Yes
3207,Yes
3208,Yes
3209,Yes
3210,Yes
3211,Yes
3212,Yes
3213,Yes
3214,Yes
3215,Yes
3216,Yes
3217,Yes
3218,Yes
3219,Yes
3220,Yes
3221,Yes
3222,Yes
3223,Yes
3224,Yes
3225,Yes
3226,Yes
3227,Yes
3228,Yes
3229,Yes
3230,Yes
3231,Yes
3232,Yes
3233,Yes
3234,Yes
3235,Yes
3236,Yes
3237,Yes
3238,Yes
3239,Yes
3240,Yes
3241,Yes
3242,Yes
3243,Yes
3244,Yes
3245,Yes
3246,Yes
3247,Yes
3248,Yes
3249,Yes
3250,Yes
3251,Yes
3252,Yes
3253,Yes
3254,Yes
3255,Yes
3256,Yes
3257,Yes
3258,Yes
3259,Yes
3260,Yes
3261,Yes
3262,Yes
3263,Yes
3264,Yes
3265,Yes
3266,Yes
3267,Yes
3268,Yes
3269,Yes
3270,Yes
3271,Yes
3272,Yes
3273,Yes
3274,Yes
3275,Yes
3276,Yes
3277,Yes
3278,Yes
3279,Yes
3280,Yes
3281,Yes
3282,Yes
3283,Yes
3284,Yes
3285,Yes
3286,Yes
3287,Yes
3288,Yes
3289,Yes
3290,Yes
3291,Yes
3292,Yes
3293,Yes
3294,Yes
3295,Yes
3296,Yes
3297,Yes
3298,Yes
3299,Yes
3300,Yes
3301,Yes
3302,Yes
3303,Yes
3304,Yes
3305,Yes
3306,Yes
3307,Yes
3308,Yes
3309,Yes
3310,Yes
3311,Yes
3312,Yes
3313,Yes
3314,Yes
3315,Yes
3316,Yes
3317,Yes
3318,Yes
3319,Yes
3320,Yes
3321,Yes
3322,Yes
3323,Yes
3324,Yes
3325,Yes
3326,Yes
3327,Yes
3328,Yes
3329,Yes
3330,Yes
3331,Yes
3332,Yes
3333,Yes
3334,Yes
3335,Yes
3336,Yes
3337,Yes
3338,Yes
3339,Yes
3340,Yes
3341,Yes
3342,Yes
3343,Yes
3344,Yes
3345,Yes
3346,Yes
3347,Yes
3348,Yes
3349,Yes
3350,Yes
3351,Yes
3352,Yes
3353,Yes
3354,Yes
3355,Yes
3356,Yes
3357,Yes
3358,Yes
3359,Yes
3360,Yes
3361,Yes
3362,Yes
3363,Yes
3364,Yes
3365,Yes
3366,Yes
3367,Yes
3368,Yes
3369,Yes
3370,Yes
3371,Yes
3372,Yes
3373,Yes
3374,Yes
3375,Yes
3376,Yes
3377,Yes
3378,Yes
3379,Yes
3380,Yes
3381,Yes
3382,Yes
3383,Yes
3384,Yes
3385,Yes
3386,Yes
3387,Yes
3388,Yes
3389,Yes
3390,Yes
3391,Yes
3392,Yes
3393,Yes
3394,Yes
3395,Yes
3396,Yes
3397,Yes
3398,Yes
3399,Yes
3400,Yes
3401,Yes
3402,Yes
3403,Yes
3404,Yes
3405,Yes
3406,Yes
3407,Yes
3408,Yes
3409,Yes
3410,Yes
3411,Yes
3412,Yes
3413,Yes
3414,Yes
3415,Yes
3416,Yes
3417,Yes
3418,Yes
3419,Yes
3420,Yes
3421,Yes
3422,Yes
3423,Yes
3424,Yes
3425,Yes
3426,Yes
3427,Yes
3428,Yes
3429,Yes
3430,Yes
3431,Yes
3432,Yes
3433,Yes
3434,Yes
3435,Yes
3436,Yes
3437,Yes
3438,Yes
3439,Yes
3440,Yes
3441,Yes
3442,Yes
3443,Yes
3444,Yes
3445,Yes
3446,Yes
3447,Yes
3448,Yes
3449,Yes
3450,Yes
3451,Yes
3452,Yes
3453,Yes
3454,Yes
3455,Yes
3456,Yes
3457,Yes
3458,Yes
3459,Yes
3460,Yes
3461,Yes
3462,Yes
3463,Yes
3464,Yes
3465,Yes
3466,Yes
3467,Yes
3468,Yes
3469,Yes
3470,Yes
3471,Yes
3472,Yes
3473,Yes
3474,Yes
3475,Yes
3476,Yes
3477,Yes
3478,Yes
3479,Yes
3480,Yes
3481,Yes
3482,Yes
3483,Yes
3484,Yes
3485,Yes
3486,Yes
3487,Yes
3488,Yes
3489,Yes
3490,Yes
3491,Yes
3492,Yes
3493,Yes
3494,Yes
3495,Yes
3496,Yes
3497,Yes
3498,Yes
3499,Yes
3500,Yes
3501,Yes
3502,Yes
3503,Yes
3504,Yes
3505,Yes
3506,Yes
3507,Yes
3508,Yes
3509,Yes
3510,Yes
3511,Yes
3512,Yes
3513,Yes
3514,Yes
3515,Yes
3516,Yes
3517,Yes
3518,Yes
3519,Yes
3520,Yes
3521,Yes
3522,Yes
3523,Yes
3524,Yes
3525,Yes
3526,Yes
3527,Yes
3528,Yes
3529,Yes
3530,Yes
3531,Yes
3532,Yes
3533,Yes
3534,Yes
3535,Yes
3536,Yes
3537,Yes
3538,Yes
3539,Yes
3540,Yes
3541,Yes
3542,Yes
3543,Yes
3544,Yes
3545,Yes
3546,Yes
3547,Yes
3548,Yes
3549,Yes
3550,Yes
3551,Yes
3552,Yes
3553,Yes
3554,Yes
3555,Yes
3556,Yes
3557,Yes
3558,Yes
3559,Yes
3560,Yes
3561,Yes
3562,Yes
3563,Yes
3564,Yes
3565,Yes
3566,Yes
3567,Yes
3568,Yes
3569,Yes
3570,Yes
3571,Yes
3572,Yes
3573,Yes
3574,Yes
3575,Yes
3576,Yes
3577,Yes
3578,Yes
3579,Yes
3580,Yes
3581,Yes
3582,Yes
3583,Yes
3584,Yes
3585,Yes
3586,Yes
3587,No
3588,No
3589,No
3590,No
3591,No
3592,No
3593,No
3594,No
3595,No
3596,No
3597,No
3598,No
3599,No
3600,No
3601,No
3602,No
3603,No
3604,No
3605,No
3606,No
3607,No
3608,No
3609,No
3610,No
3611,No
3612,No
3613,No
3614,No
3615,No
3616,No
3617,No
3618,No
3619,No
3620,No
3621,No
3622,No
3623,No
3624,No
3625,No
3626,No
3627,No
3628,No
3629,No
3630,No
3631,No
3632,No
3633,No
3634,No
3635,No
3636,No
3637,No
3638,No
3639,No
3640,No
3641,No
3642,No
3643,No
3644,No
3645,No
3646,No
3647,No
3648,No
3649,No
3650,No
3651,No
3652,No
3653,No
3654,No
3655,No
3656,No
3657,No
3658,No
3659,No
3660,No
3661,No
3662,No
3663,No
3664,No
3665,No
3666,No
3667,No
3668,No
3669,No
3670,No
3671,No
3672,No
3673,No
3674,No
3675,No
3676,No
3677,No
3678,No
3679,No
3680,No
3681,No
3682,No
3683,No
3684,No
3685,No
3686,No
3687,No
3688,No
3689,No
3690,No
3691,No
3692,No
3693,No
3694,No
3695,No
3696,No
3697,No
3698,No
3699,No
3700,No
3701,No
3702,No
3703,No
3704,No
3705,No
3706,No
3707,No
3708,No
3709,No
3710,No
3711,No
3712,No
3713,No
3714,No
3715,No
3716,No
3717,No
3718,No
3719,No
3720,No
3721,No
3722,No
3723,No
3724,No
3725,No
3726,No
3727,No
3728,No
3729,No
3730,No
3731,No
3732,No
3733,No
3734,No
3735,No
3736,No
3737,No
3738,No
3739,No
3740,No
3741,No
3742,No
3743,No
3744,No
3745,No
3746,No
3747,No
3748,No
3749,No
3750,No
3751,No
3752,No
3753,No
3754,No
3755,No
3756,No
3757,No
3758,No
3759,No
3760,No
3761,No
3762,No
3763,No
3764,No
3765,No
3766,No
3767,No
3768,No
3769,No
3770,No
3771,No
3772,No
3773,No
3774,No
3775,No
3776,No
3777,No
3778,No
3779,No
3780,No
3781,No
3782,No
3783,No
3784,No
3785,No
3786,No
3787,No
3788,No
3789,No
3790,No
3791,No
3792,No
3793,No
3794,No
3795,No
3796,No
3797,No
3798,No
3799,No
3800,No
3801,No
3802,No
3803,No
3804,No
3805,No
3806,No
3807,No
3808,No
3809,No
3810,No
3811,No
3812,No
3813,No
3814,No
3815,No
3816,No
3817,No
3818,No
3819,No
3820,No
3821,No
3822,No
3823,No
3824,No
3825,No
3826,No
3827,No
3828,No
3829,No
3830,No
3831,No
3832,No
3833,No
3834,No
3835,No
3836,No
3837,No
3838,No
3839,No
3840,No
3841,No
3842,No
3843,No
3844,No
3845,No
3846,No
3847,No
3848,No
3849,No
3850,No
3851,No
3852,No
3853,No
3854,No
3855,No
3856,No
3857,No
3858,No
3859,No
3860,No
3861,No
3862,No
3863,No
3864,No
3865,No
3866,No
3867,No
3868,No
3869,No
3870,No
3871,No
3872,No
3873,No
3874,No
3875,No
3876,No
3877,No
3878,No
3879,No
3880,No
3881,No
3882,No
3883,No
3884,No
3885,No
3886,No
3887,No
3888,No
3889,No
3890,No
3891,No
3892,No
3893,No
3894,No
3895,No
3896,No
3897,No
3898,No
3899,No
3900,No
3901,No
3902,No
3903,No
3904,No
3905,No
3906,No
3907,No
3908,No
3909,No
3910,No
3911,No
3912,No
3913,No
3914,No
3915,No
3916,No
3917,No
3918,No
3919,No
3920,No
3921,No
3922,No
3923,No
3924,No
3925,No
3926,No
3927,No
3928,No
3929,No
3930,No
3931,No
3932,No
3933,No
3934,No
3935,No
3936,No
3937,No
3938,No
3939,No
3940,No
3941,No
3942,No
3943,No
3944,No
3945,No
3946,No
3947,No
3948,No
3949,No
3950,No
3951,No
3952,No
3953,No
3954,No
3955,No
3956,No
3957,No
3958,No
3959,No
3960,No
3961,No
3962,No
3963,No
3964,No
3965,No
3966,No
3967,No
3968,No
3969,No
3970,No
3971,No
3972,No
3973,No
3974,No
3975,No
3976,No
3977,No
3978,No
3979,No
3980,No
3981,No
3982,No
3983,No
3984,No
3985,No
3986,No
3987,No
3988,No
3989,No
3990,No
3991,No
3992,No
3993,No
3994,No
3995,No
3996,No
3997,No
3998,No
3999,No
4000,No
4001,No
4002,No
4003,No
4004,No
4005,No
4006,No
4007,No
4008,No
4009,No
4010,No
4011,No
4012,No
4013,No
4014,No
4015,No
4016,No
4017,No
4018,No
4019,No
4020,No
4021,No
4022,No
4023,No
4024,No
4025,No
4026,No
4027,No
4028,No
4029,No
4030,No
4031,No
4032,No
4033,No
4034,No
4035,No
4036,No
4037,No
4038,No
4039,No
4040,No
4041,Yes
4042,Yes
4043,Yes
4044,Yes
4045,Yes
4046,Yes
4047,Yes
4048,Yes
4049,Yes
4050,Yes
4051,Yes
4052,Yes
4053,Yes
4054,Yes
4055,Yes
4056,Yes
4057,Yes
4058,Yes
4059,Yes
4060,Yes
4061,Yes
4062,Yes
4063,Yes
4064,Yes
4065,Yes
4066,Yes
4067,Yes
4068,Yes
4069,Yes
4070,Yes
4071,Yes
4072,Yes
4073,Yes
4074,Yes
4075,Yes
4076,Yes
4077,Yes
4078,Yes
4079,Yes
4080,Yes
4081,Yes
4082,Yes
4083,Yes
4084,Yes
4085,Yes
4086,Yes
4087,Yes
4088,Yes
4089,Yes
4090,Yes
4091,Yes
4092,Yes
4093,Yes
4094,Yes
4095,Yes
4096,Yes
4097,Yes
4098,Yes
4099,Yes
4100,Yes
4101,Yes
4102,Yes
4103,Yes
4104,Yes
4105,Yes
4106,Yes
4107,Yes
4108,Yes
4109,Yes
4110,Yes
4111,Yes
4112,Yes
4113,Yes
4114,Yes
4115,Yes
4116,Yes
4117,Yes
4118,Yes
4119,Yes
4120,Yes
4121,Yes
4122,Yes
4123,Yes
4124,Yes
4125,Yes
4126,Yes
4127,Yes
4128,Yes
4129,Yes
4130,Yes
4131,Yes
4132,Yes
4133,Yes
4134,Yes
4135,Yes
4136,Yes
4137,Yes
4138,Yes
4139,Yes
4140,Yes
4141,Yes
4142,Yes
4143,Yes
4144,Yes
4145,Yes
4146,Yes
4147,Yes
4148,Yes
4149,Yes
4150,Yes
4151,Yes
4152,Yes
4153,Yes
4154,Yes
4155,Yes
4156,Yes
4157,Yes
4158,Yes
4159,Yes
4160,Yes
4161,Yes
4162,Yes
4163,Yes
4164,Yes
4165,Yes
4166,Yes
4167,Yes
4168,Yes
4169,Yes
4170,Yes
4171,Yes
4172,Yes
4173,Yes
4174,Yes
4175,Yes
4176,Yes
4177,Yes
4178,Yes
4179,Yes
4180,Yes
4181,Yes
4182,Yes
4183,Yes
4184,Yes
4185,Yes
4186,Yes
4187,Yes
4188,Yes
4189,Yes
4190,Yes
4191,Yes
4192,Yes
4193,Yes
4194,Yes
4195,Yes
4196,Yes
4197,Yes
4198,Yes
4199,Yes
4200,Yes
4201,Yes
4202,Yes
4203,Yes
4204,Yes
4205,Yes
4206,Yes
4207,Yes
4208,Yes
4209,Yes
4210,Yes
4211,Yes
4212,Yes
4213,Yes
4214,Yes
4215,Yes
4216,Yes
4217,Yes
4218,Yes
4219,Yes
4220,Yes
4221,Yes
4222,Yes
4223,Yes
4224,Yes
4225,Yes
4226,Yes
4227,Yes
4228,Yes
4229,Yes
4230,Yes
4231,Yes
4232,Yes
4233,Yes
4234,Yes
4235,Yes
4236,Yes
4237,Yes
4238,Yes
4239,Yes
4240,Yes
4241,Yes
4242,Yes
4243,Yes
4244,Yes
4245,Yes
4246,Yes
4247,Yes
4248,Yes
4249,Yes
4250,Yes
4251,Yes
4252,Yes
4253,Yes
4254,Yes
4255,Yes
4256,Yes
4257,Yes
4258,Yes
4259,Yes
4260,Yes
4261,Yes
4262,Yes
4263,Yes
4264,Yes
4265,Yes
4266,Yes
4267,Yes
4268,Yes
4269,Yes
4270,Yes
4271,Yes
4272,Yes
4273,Yes
4274,Yes
4275,Yes
4276,Yes
4277,Yes
4278,Yes
4279,Yes
4280,Yes
4281,Yes
4282,Yes
4283,Yes
4284,Yes
4285,Yes
4286,Yes
4287,Yes
4288,Yes
4289,Yes
4290,Yes
4291,Yes
4292,Yes
4293,Yes
4294,Yes
4295,Yes
4296,Yes
4297,Yes
4298,Yes
4299,Yes
4300,Yes
4301,Yes
4302,Yes
4303,Yes
4304,Yes
4305,Yes
4306,Yes
4307,Yes
4308,Yes
4309,Yes
4310,Yes
4311,Yes
4312,Yes
4313,Yes
4314,Yes
4315,Yes
4316,Yes
4317,Yes
4318,Yes
4319,Yes
4320,Yes
4321,Yes
4322,Yes
4323,Yes
4324,Yes
4325,Yes
4326,Yes
4327,Yes
4328,Yes
4329,Yes
4330,Yes
4331,Yes
4332,Yes
4333,Yes
4334,Yes
4335,Yes
4336,Yes
4337,Yes
4338,Yes
4339,Yes
4340,Yes
4341,Yes
4342,Yes
4343,Yes
4344,Yes
4345,Yes
4346,Yes
4347,Yes
4348,Yes
4349,Yes
4350,Yes
4351,Yes
4352,Yes
4353,Yes
4354,Yes
4355,Yes
4356,Yes
4357,Yes
4358,Yes
4359,Yes
4360,Yes
4361,Yes
4362,Yes
4363,Yes
4364,Yes
4365,Yes
4366,Yes
4367,Yes
4368,Yes
4369,Yes
4370,Yes
4371,Yes
4372,Yes
4373,Yes
4374,Yes
4375,Yes
4376,Yes
4377,Yes
4378,Yes
4379,Yes
4380,Yes
4381,Yes
4382,Yes
4383,Yes
4384,Yes
4385,Yes
4386,Yes
4387,Yes
4388,Yes
4389,Yes
4390,Yes
4391,Yes
4392,Yes
4393,Yes
4394,Yes
4395,Yes
4396,Yes
4397,Yes
4398,Yes
4399,Yes
4400,Yes
4401,Yes
4402,Yes
4403,Yes
4404,Yes
4405,Yes
4406,Yes
4407,Yes
4408,Yes
4409,Yes
4410,Yes
4411,Yes
4412,Yes
4413,Yes
4414,Yes
4415,Yes
4416,Yes
4417,Yes
4418,Yes
4419,Yes
4420,Yes
4421,Yes
4422,Yes
4423,Yes
4424,Yes
4425,Yes
4426,Yes
4427,Yes
4428,Yes
4429,Yes
4430,Yes
4431,Yes
4432,Yes
4433,Yes
4434,Yes
4435,Yes
4436,Yes
4437,Yes
4438,Yes
4439,Yes
4440,Yes
4441,Yes
4442,Yes
4443,Yes
4444,Yes
4445,Yes
4446,Yes
4447,Yes
4448,Yes
4449,Yes
4450,Yes
4451,Yes
4452,Yes
4453,Yes
4454,Yes
4455,Yes
4456,Yes
4457,Yes
4458,Yes
4459,Yes
4460,Yes
4461,Yes
4462,Yes
4463,Yes
4464,Yes
4465,Yes
4466,Yes
4467,Yes
4468,Yes
4469,Yes
4470,Yes
4471,Yes
4472,Yes
4473,Yes
4474,Yes
4475,Yes
4476,Yes
4477,Yes
4478,Yes
4479,Yes
4480,Yes
4481,Yes
4482,Yes
4483,Yes
4484,Yes
4485,Yes
4486,Yes
4487,Yes
4488,Yes
4489,Yes
4490,Yes
4491,Yes
4492,Yes
4493,Yes
4494,Yes
4495,Yes
4496,Yes
4497,Yes
4498,Yes
4499,Yes
4500,Yes
4501,Yes
4502,Yes
4503,Yes
4504,Yes
4505,Yes
4506,Yes
4507,Yes
4508,Yes
4509,Yes
4510,Yes
4511,Yes
4512,Yes
4513,Yes
4514,Yes
4515,Yes
4516,Yes
4517,Yes
4518,Yes
4519,Yes
4520,Yes
4521,Yes
4522,Yes
4523,Yes
4524,Yes
4525,Yes
4526,Yes
4527,Yes
4528,Yes
4529,Yes
4530,Yes
4531,Yes
4532,Yes
4533,Yes
4534,Yes
4535,Yes
4536,Yes
4537,Yes
4538,Yes
4539,Yes
4540,Yes
4541,Yes
4542,Yes
4543,Yes
4544,Yes
4545,Yes
4546,Yes
4547,Yes
4548,Yes
4549,Yes
4550,Yes
4551,Yes
4552,Yes
4553,Yes
4554,Yes
4555,Yes
4556,Yes
4557,Yes
4558,Yes
4559,Yes
4560,Yes
4561,Yes
4562,Yes
4563,Yes
4564,Yes
4565,Yes
4566,Yes
4567,Yes
4568,Yes
4569,Yes
4570,Yes
4571,Yes
4572,Yes
4573,Yes
4574,Yes
4575,Yes
4576,Yes
4577,Yes
4578,Yes
4579,Yes
4580,Yes
4581,Yes
4582,Yes
4583,Yes
4584,Yes
4585,Yes
4586,Yes
4587,Yes
4588,Yes
4589,Yes
4590,Yes
4591,Yes
4592,Yes
4593,Yes
4594,Yes
4595,Yes
4596,Yes
4597,No
4598,No
4599,No
4600,No
4601,No
4602,No
4603,No
4604,No
4605,No
4606,No
4607,No
4608,No
4609,No
4610,No
4611,No
4612,No
4613,No
4614,No
4615,No
4616,No
4617,No
4618,No
4619,No
4620,No
4621,No
4622,No
4623,No
4624,No
4625,No
4626,No
4627,No
4628,No
4629,No
4630,No
4631,No
4632,No
4633,No
4634,No
4635,No
4636,No
4637,No
4638,No
4639,No
4640,No
4641,No
4642,No
4643,No
4644,No
4645,No
4646,No
4647,No
4648,No
4649,No
4650,No
4651,No
4652,No
4653,No
4654,No
4655,No
4656,No
4657,No
4658,No
4659,No
4660,No
4661,No
4662,No
4663,No
4664,No
4665,No
4666,No
4667,No
4668,No
4669,No
4670,No
4671,No
4672,No
4673,No
4674,No
4675,No
4676,No
4677,No
4678,No
4679,No
4680,No
4681,No
4682,No
4683,No
4684,No
4685,No
4686,No
4687,No
4688,No
4689,No
4690,No
4691,No
4692,No
4693,No
4694,No
4695,No
4696,No
4697,No
4698,No
4699,No
4700,No
4701,No
4702,No
4703,No
4704,No
4705,No
4706,No
4707,No
4708,No
4709,No
4710,No
4711,No
4712,No
4713,No
4714,No
4715,No
4716,No
4717,No
4718,No
4719,No
4720,No
4721,No
4722,No
4723,No
4724,No
4725,No
4726,No
4727,No
4728,No
4729,No
4730,No
4731,No
4732,No
4733,No
4734,No
4735,No
4736,No
4737,No
4738,No
4739,No
4740,No
4741,No
4742,No
4743,No
4744,No
4745,No
4746,No
4747,No
4748,No
4749,No
4750,No
4751,No
4752,No
4753,No
4754,No
4755,No
4756,No
4757,No
4758,No
4759,No
4760,No
4761,No
4762,No
4763,No
4764,No
4765,No
4766,No
4767,No
4768,No
4769,No
4770,No
4771,No
4772,No
4773,No
4774,No
4775,No
4776,No
4777,No
4778,No
4779,No
4780,No
4781,No
4782,No
4783,No
4784,No
4785,No
4786,No
4787,No
4788,No
4789,No
4790,No
4791,No
4792,No
4793,No
4794,No
4795,No
4796,No
4797,No
4798,No
4799,No
4800,No
4801,No
4802,No
4803,No
4804,No
4805,No
4806,No
4807,No
4808,No
4809,No
4810,No
4811,No
4812,No
4813,No
4814,No
4815,No
4816,No
4817,No
4818,No
4819,No
4820,No
4821,No
4822,No
4823,No
4824,No
4825,No
4826,No
4827,No
4828,No
4829,No
4830,No
4831,No
4832,No
4833,No
4834,No
4835,No
4836,No
4837,No
4838,No
4839,No
4840,No
4841,No
4842,No
4843,No
4844,No
4845,No
4846,No
4847,No
4848,No
4849,No
4850,No
4851,No
4852,No
4853,No
4854,No
4855,No
4856,No
4857,No
4858,No
4859,No
4860,No
4861,No
4862,No
4863,No
4864,No
4865,No
4866,No
4867,No
4868,No
4869,No
4870,No
4871,No
4872,No
4873,No
4874,No
4875,No
4876,No
4877,No
4878,No
4879,No
4880,No
4881,No
4882,No
4883,No
4884,No
4885,No
4886,No
4887,No
4888,No
4889,No
4890,No
4891,No
4892,No
4893,No
4894,No
4895,No
4896,No
4897,No
4898,No
4899,No
4900,No
4901,No
4902,No
4903,No
4904,No
4905,No
4906,No
4907,No
4908,No
4909,No
4910,No
4911,No
4912,No
4913,No
4914,No
4915,No
4916,No
4917,No
4918,No
4919,No
4920,No
4921,No
4922,No
4923,No
4924,No
4925,No
4926,No
4927,No
4928,No
4929,No
4930,No
4931,No
4932,No
4933,No
4934,No
4935,No
4936,No
4937,No
4938,No
4939,No
4940,No
4941,No
4942,No
4943,No
4944,No
4945,No
4946,No
4947,No
4948,No
4949,No
4950,No
4951,No
4952,No
4953,No
4954,No
4955,No
4956,No
4957,No
4958,No
4959,No
4960,No
4961,No
4962,No
4963,No
4964,No
4965,No
4966,No
4967,No
4968,No
4969,No
4970,No
4971,No
4972,No
4973,No
4974,No
4975,No
4976,No
4977,No
4978,No
4979,No
4980,No
4981,No
4982,No
4983,No
4984,No
4985,No
4986,No
4987,No
4988,No
4989,No
4990,No
4991,No
4992,No
4993,No
4994,No
4995,No
4996,No
4997,No
4998,No
4999,No
5000,No
5001,No
5002,No
5003,No
5004,No
5005,No
5006,No
5007,No
5008,No
5009,No
5010,No
5011,No
5012,No
5013,No
5014,No
5015,No
5016,No
5017,No
5018,No
5019,No
5020,No
5021,No
5022,No
5023,No
5024,No
5025,No
5026,No
5027,No
5028,No
5029,No
5030,No
5031,No
5032,No
5033,No
5034,No
5035,No
5036,No
5037,No
5038,No
5039,No
5040,No
5041,No
5042,No
5043,No
5044,No
5045,No
5046,No
5047,No
5048,No
5049,No
5050,No